,course_learn,course_difficulty
0,"Skills you'll gain: Data Analysis, SQL, R Programming, Business Communication, Spreadsheet Software, Business Analysis, Data Visualization, Data Management, General Statistics, Big Data, Communication, Computer Programming, Data Science, Data Visualization Software, Databases, Exploratory Data Analysis, Extract, Transform, Load, Leadership and Management, Microsoft Excel, Problem Solving, Small Data, Statistical Programming, Tableau Software",Beginner · Professional Certificate · 3 - 6 Months
1,"Skills you'll gain: Network Security, Python Programming, Linux, Cloud Computing, Algorithms, Audit, Computer Programming, Computer Security Incident Management, Cryptography, Databases, Leadership and Management, Network Architecture, Risk Management, SQL",Beginner · Professional Certificate · 3 - 6 Months
2,"Skills you'll gain: Project Management, Strategy and Operations, Leadership and Management, Communication, Business Communication, Collaboration, Agile Software Development, Software Engineering, Entrepreneurship, Scrum (Software Development), Planning, Supply Chain and Logistics, Change Management, Finance, Organizational Development, Product Management, Risk Management, Budget Management, Influencing, Culture, Emotional Intelligence, People Management, Problem Solving, Procurement",Beginner · Professional Certificate · 3 - 6 Months
3,"Skills you'll gain: Digital Marketing, Marketing, Marketing Management, Media Strategy & Planning, Sales, E-Commerce, Data Analysis, Social Media, Search Engine Optimization, Advertising, Communication, Persona Research, Strategy, Web Design, Web Development, Web Development Tools, Writing, Data Management, Market Analysis",Beginner · Professional Certificate · 3 - 6 Months
4,"Skills you'll gain: Computer Networking, Network Architecture, Network Model, Networking Hardware, Network Analysis, Computer Architecture, Critical Thinking, Problem Solving, Communication, Human Computer Interaction, Network Security, Linux, System Security, Cloud Computing, Computer Programming, Customer Support, Cryptography, Leadership and Management, Operating Systems",Beginner · Professional Certificate · 3 - 6 Months
5,"Skills you'll gain: User Experience, User Experience Design, User Research, Audit, Human Computer Interaction, Planning, Product Design, Product Development, Visual Design, Web Design, Web Development Tools",Beginner · Professional Certificate · 3 - 6 Months
6,"Skills you'll gain: Python Programming, Data Science, Machine Learning, Data Analysis, Algorithms, Data Analysis Software, Data Management, Data Visualization, Database Design, Human Learning, R Programming, Computer Programming, Data Structures, Database Application, Databases, Deep Learning, Exploratory Data Analysis, Machine Learning Algorithms, Plot (Graphics), SQL, Data Model, Statistical Machine Learning, General Statistics, Probability & Statistics, Regression, Reinforcement Learning, Big Data, Cloud Computing, Data Mining, IBM Cloud, Writing",Beginner · Professional Certificate · 3 - 6 Months
7,"Skills you'll gain: Machine Learning, Machine Learning Algorithms, Applied Machine Learning, Algorithms, Deep Learning, Machine Learning Software, Artificial Neural Networks, Human Learning, Statistical Machine Learning, Python Programming, Regression, Mathematics, Tensorflow, Critical Thinking, Network Model, Network Architecture, Reinforcement Learning",Beginner · Specialization · 1 - 3 Months
8,"Skills you'll gain: Python Programming, Microsoft Excel, Data Visualization, Spreadsheet Software, Data Analysis, Data Management, Data Structures, Databases, Exploratory Data Analysis, SQL, Plot (Graphics), Business Analysis, Data Analysis Software, Database Design, Computer Programming, Database Application, Statistical Visualization, Big Data, Data Mining, Data Science, General Statistics, NoSQL, R Programming, Cloud Computing, Data Visualization Software, IBM Cloud, Interactive Data Visualization, Machine Learning, Machine Learning Algorithms, Probability & Statistics, Regression",Beginner · Professional Certificate · 3 - 6 Months
9,Skills you'll gain: Machine Learning,Beginner · Course · 1 - 3 Months
10,"Skills you'll gain: Machine Learning, Deep Learning, Machine Learning Algorithms, Artificial Neural Networks, Python Programming, Cloud Computing, Computer Vision, Human Learning, IBM Cloud, Natural Language Processing, Algorithms, Applied Machine Learning, Machine Learning Software, Computer Programming, Application Development, Cloud API, Cloud Applications, Computer Programming Tools, Human Computer Interaction, Software Engineering Tools, Visualization (Computer Graphics), Adaptability, Software Engineering, Cloud-Based Integration, Communication, Interactive Data Visualization, Data Analysis, Programming Principles, User Experience Design, Software Architecture, Agile Software Development, Software Testing, Technical Product Management, Javascript, Data Science",Beginner · Professional Certificate · 3 - 6 Months
11,"Skills you'll gain: DevOps, Software Engineering, Cloud Computing, Computer Programming, Application Development, Software Architecture, Cloud Applications, Continuous Delivery, Continuous Integration, Python Programming, Software Engineering Tools, Software Testing, Agile Software Development, Security Engineering, Cloud Infrastructure, Kubernetes, Programming Principles, Cloud-Based Integration, Microarchitecture, Cloud Platforms, Communication, IBM Cloud, Scrum (Software Development), Software Security, Cloud Storage, Docker (Software), Linux, Technical Product Management, User Experience Design, Collaboration, Leadership and Management, Data Analysis, Mergers & Acquisitions",Beginner · Professional Certificate · 3 - 6 Months
12,"Skills you'll gain: Cloud Computing, Cloud Applications, IBM Cloud, Cloud Infrastructure, DevOps, Cloud Management, Cloud Platforms, Computer Programming, Javascript, Python Programming, Web Development, Cloud-Based Integration, Software Architecture, Application Development, Cloud API, Cloud Storage, Software Engineering, Microarchitecture, Continuous Delivery, Continuous Integration, Docker (Software), Full-Stack Web Development, Software As A Service, Kubernetes, Software Engineering Tools, Software Testing, Django (Web Framework), NoSQL, SQL, Collaboration, Computer Science, Data Analysis, Front-End Web Development, Leadership and Management, Mergers & Acquisitions, React (web framework)",Beginner · Professional Certificate · 3 - 6 Months
13,"Skills you'll gain: Machine Learning, Deep Learning, Artificial Neural Networks, Machine Learning Algorithms, Applied Machine Learning, Python Programming, Machine Learning Software, Network Model, Algorithms, Computer Programming, Computer Vision, Network Architecture, Natural Language Processing, Tensorflow, Human Learning, Data Analysis, Data Model, Exploratory Data Analysis, Organizational Development, Process Analysis, Strategy, Mathematics, Mathematical Theory & Analysis, Linear Algebra, Regression, Calculus",Intermediate · Specialization · 3 - 6 Months
14,"Skills you'll gain: Data Science, Python Programming, Data Analysis, Data Analysis Software, Data Management, R Programming, Computer Programming, Data Structures, Database Application, Database Design, Databases, SQL, Data Model, Machine Learning, Statistical Machine Learning, Big Data, Cloud Computing, Data Mining, Deep Learning, IBM Cloud, Regression, Writing",Beginner · Specialization · 3 - 6 Months
15,"Skills you'll gain: Python Programming, Data Analysis, General Statistics, Probability & Statistics, Basic Descriptive Statistics, Statistical Analysis, Statistical Tests, Mathematical Theory & Analysis, Statistical Programming, Computer Programming, Data Analysis Software, Data Visualization, Data Science, Plot (Graphics), R Programming, Data Management, Data Structures, Database Application, Database Design, Databases, SQL, Cloud Computing, IBM Cloud",Beginner · Specialization · 3 - 6 Months
16,"Skills you'll gain: Data Management, Databases, Database Administration, Extract, Transform, Load, Python Programming, Big Data, SQL, Apache, Database Design, Distributed Computing Architecture, Data Architecture, Database Application, NoSQL, Data Structures, Data Model, Data Warehousing, Cloud Computing, Database Theory, Data Engineering, Data Visualization, Computer Programming, Cloud Storage, IBM Cloud, Data Mining, Machine Learning, Data Analysis, Data Analysis Software, Leadership and Management, Kubernetes, System Programming, System Software, PostgreSQL, Business Intelligence, Data Visualization Software, Linux, Network Security, Statistical Programming, Data Science",Beginner · Professional Certificate · 3 - 6 Months
17,"Skills you'll gain: Algorithms, Applied Machine Learning, Artificial Neural Networks, Computer Vision, Deep Learning, Human Learning, Machine Learning, Machine Learning Algorithms, Machine Learning Software, Cloud Computing, Adaptability, Big Data, Data Analysis, Cloud Applications, Cloud Infrastructure, Cloud Platforms, Cloud Storage, DevOps, Data Mining, IBM Cloud, Data Science, Regression, Writing",Beginner · Specialization · 3 - 6 Months
18,"Skills you'll gain: Business Analysis, Business Transformation, Strategy, Data Analysis, Cloud Computing, Strategy and Operations, Applied Machine Learning, Big Data, Data Visualization, Deep Learning, Entrepreneurship, Leadership and Management, Research and Design, Algorithms, Artificial Neural Networks, Computer Vision, Human Learning, Innovation, Machine Learning, Machine Learning Algorithms, Machine Learning Software, Marketing, Sales, Adaptability, Market Analysis, Business Design, Business Development, Customer Analysis, Product Strategy, Data Management, Data Mining, Databases, Python Programming, SQL, Cloud Applications, Cloud Infrastructure, Cloud Platforms, Cloud Storage, Data Science, DevOps, IBM Cloud, NoSQL, R Programming, Microsoft Excel",Beginner · Specialization · 3 - 6 Months
19,"Skills you'll gain: Software Engineering, Application Development, Software Architecture, Computer Programming, Python Programming, Software Engineering Tools, Cloud Applications, DevOps, Security Engineering, Cloud Computing, Programming Principles, Cloud Infrastructure, Cloud-Based Integration, Microarchitecture, Agile Software Development, Communication, IBM Cloud, Kubernetes, Software Security, Software Testing, Docker (Software), Linux, Technical Product Management, User Experience Design, Web Development, Collaboration, Leadership and Management, Data Analysis, Django (Web Framework), Mergers & Acquisitions, SQL",Beginner · Professional Certificate · 3 - 6 Months
20,"Skills you'll gain: Data Management, Python Programming, Data Structures, Databases, Data Engineering, Database Application, SQL, Database Administration, Database Design, Extract, Transform, Load, Computer Programming, Data Architecture, Database Theory, Data Mining, Data Model, Data Analysis, Data Analysis Software, Leadership and Management, Data Warehousing, PostgreSQL, Big Data, IBM Cloud, Network Security, NoSQL, Cloud Computing, Data Science",Beginner · Specialization · 3 - 6 Months
21,"Skills you'll gain: Python Programming, Data Analysis, Machine Learning, Algorithms, Computer Programming, Data Science, Data Visualization, Exploratory Data Analysis, General Statistics, Machine Learning Algorithms, Plot (Graphics), Probability & Statistics, Regression",Beginner · Specialization · 3 - 6 Months
22,"Skills you'll gain: Data Analysis, R Programming, Computer Programming, Data Visualization, Data Management, Statistical Programming, Databases, Exploratory Data Analysis, Plot (Graphics), Data Analysis Software, Data Structures, Statistical Analysis, Statistical Visualization, Basic Descriptive Statistics, Microsoft Excel, SQL, General Statistics, Interactive Data Visualization, Database Application, Extract, Transform, Load, Visualization (Computer Graphics), Spreadsheet Software, Database Design, Database Theory, Programming Principles, Database Administration, Computer Programming Tools, Correlation And Dependence, Data Mining, Data Visualization Software, Visual Design, Business Analysis, System Programming, Python Programming, Big Data, Data Science, NoSQL",Beginner · Professional Certificate · 3 - 6 Months
23,"Skills you'll gain: Microsoft Excel, Data Visualization, Spreadsheet Software, Data Analysis, Plot (Graphics), Business Analysis, Data Management, Databases, Python Programming, SQL, Statistical Visualization, Big Data, Data Mining, Data Science, Interactive Data Visualization, NoSQL, R Programming, Data Visualization Software",Beginner · Specialization · 3 - 6 Months
24,"Skills you'll gain: Software Engineering, Computer Programming, Python Programming, Software Engineering Tools, Application Development, Programming Principles, Software Architecture, Agile Software Development, Communication, Software Testing, Technical Product Management, User Experience Design, Collaboration, Leadership and Management, Linux, Data Analysis, Mergers & Acquisitions",Beginner · Specialization · 3 - 6 Months
25,"Skills you'll gain: Machine Learning, Data Analysis, Applied Machine Learning, Data Management, Leadership and Management, Machine Learning Algorithms, Algorithms, Artificial Neural Networks, Computer Vision, Deep Learning, Human Learning, Machine Learning Software, Business Process Management, Data Architecture, Strategy and Operations, Adaptability, Business Analysis, Business Transformation, Strategy, Big Data, Innovation, Data Mining, Data Science, Regression, Writing",Beginner · Specialization · 1 - 3 Months
26,"Skills you'll gain: Algorithms, Applied Machine Learning, Artificial Neural Networks, Computer Vision, Deep Learning, Human Learning, Machine Learning, Machine Learning Algorithms, Machine Learning Software, Adaptability, Communication, Data Science, Leadership Development, Leadership and Management, Product Development, Product Lifecycle, Product Management",Beginner · Professional Certificate · 3 - 6 Months
27,"Skills you'll gain: Communication, Computer Programming, Data Analysis, Data Visualization, Exploratory Data Analysis, General Statistics, Machine Learning, Planning, Probability Distribution, Project Management, Python Programming, Regression, Statistical Analysis, Tableau Software",Advanced · Professional Certificate · 3 - 6 Months
28,"Skills you'll gain: Human Learning, Machine Learning, Artificial Neural Networks, Deep Learning, Machine Learning Algorithms, Human Computer Interaction, Natural Language Processing, Algorithms, Applied Machine Learning, Cloud Computing, Computer Vision, IBM Cloud, Machine Learning Software, Adaptability, Interactive Data Visualization, Computer Programming, Data Science",Beginner · Specialization · 3 - 6 Months
29,"Skills you'll gain: Machine Learning, Natural Language Processing, Python Programming",Intermediate · Course · 1 - 4 Weeks
30,"Skills you'll gain: Data Analysis, Data Management, Data Mining, Data Model, Data Visualization, Extract, Transform, Load, Microsoft Excel, Power BI, SQL",Beginner · Professional Certificate · 3 - 6 Months
31,"Skills you'll gain: Project Management, Strategy and Operations, Business Communication, Change Management, Organizational Development, Communication, Culture, Emotional Intelligence, Influencing, Leadership and Management, People Management, Planning",Beginner · Course · 1 - 4 Weeks
32,"Skills you'll gain: HTML and CSS, Javascript, Front-End Web Development, React (web framework), Web Development, User Experience, Algorithms, Computer Science, Web Design, Application Development, Computer Programming, Software Engineering, Web Development Tools, Collaboration, Communication, Data Structures, Human Computer Interaction, Interactive Design, Linux, Problem Solving, Product Design, Software Engineering Tools, Software Testing",Beginner · Professional Certificate · 3 - 6 Months
33,"Skills you'll gain: Creativity, Data Analysis, Problem Solving, Writing",Beginner · Specialization · 1 - 3 Months
34,"Skills you'll gain: Data Management, Data Visualization, Databases, SQL, Database Administration, Database Application, Database Design, Microsoft Excel, Data Structures, Python Programming, Data Analysis, Data Architecture, Database Theory, Spreadsheet Software, Plot (Graphics), Computer Programming, Data Model, Data Warehousing, General Statistics, Statistical Visualization, Basic Descriptive Statistics, Probability & Statistics, Statistical Analysis, Statistical Tests, NoSQL, PostgreSQL, Business Analysis, Data Visualization Software, Data Mining, Data Science, Interactive Data Visualization, R Programming, Tableau Software, Business Intelligence, Forecasting",Beginner · Professional Certificate · 3 - 6 Months
35,"Skills you'll gain: Data Analysis, SQL, Data Visualization, Business Analysis, Spreadsheet Software, Data Science, Databases, Microsoft Excel",Beginner · Course · 1 - 3 Months
36,"Skills you'll gain: Cloud Computing, Cloud Platforms, Collaboration, Computer Programming, Data Structures, Google Cloud Platform, Leadership and Management, Problem Solving, Python Programming",Beginner · Professional Certificate · 3 - 6 Months
37,"Skills you'll gain: Computer Security Incident Management, Leadership and Management, Risk Management, Cloud Computing, System Security, Computer Networking, Cloud Storage, Operating Systems, Network Security, Cloud Platforms, Network Architecture, Networking Hardware, Cloud Applications, Cloud Infrastructure, Computer Programming, Cyberattacks, Databases, DevOps, Security Engineering, Cryptography, IBM Cloud, Operations Management, Software Engineering",Beginner · Professional Certificate · 3 - 6 Months
38,"Skills you'll gain: Marketing, Digital Marketing, Social Media, Advertising, Communication, Media Strategy & Planning, Marketing Management, Customer Analysis, Brand Management, Business Analysis, Marketing Design, Sales, Strategy and Operations, Data Analysis, General Statistics, Market Analysis, Probability & Statistics, Leadership and Management, Research and Design, Planning, Entrepreneurship",Beginner · Professional Certificate · 3 - 6 Months
39,"Skills you'll gain: Data Science, Deep Learning, Machine Learning, Artificial Neural Networks, Business Transformation, Human Learning, Planning, Project Management",Beginner · Course · 1 - 4 Weeks
40,"Skills you'll gain: Machine Learning, Machine Learning Algorithms, Regression, Applied Machine Learning, Algorithms, Statistical Machine Learning, Mathematics, Critical Thinking, Machine Learning Software, Python Programming",Beginner · Course · 1 - 4 Weeks
41,"Skills you'll gain: Cloud Computing, Cloud Applications, IBM Cloud, Javascript, Cloud Infrastructure, Cloud Platforms, DevOps, Cloud Management, Computer Programming, Web Development, Cloud API, Continuous Integration, Cloud Storage, Software As A Service, Cloud-Based Integration, Continuous Delivery, NoSQL, Computer Science, Front-End Web Development, React (web framework)",Beginner · Specialization · 3 - 6 Months
42,"Skills you'll gain: DevOps, Cloud Computing, Software Engineering, Agile Software Development, Continuous Delivery, Continuous Integration, Scrum (Software Development), Cloud Applications, Cloud Infrastructure, Cloud Platforms, Cloud Storage, IBM Cloud, Leadership and Management",Beginner · Specialization · 3 - 6 Months
43,"Skills you'll gain: Linux, Computer Programming, Leadership and Management, Risk Management, SQL",Beginner · Course · 1 - 4 Weeks
44,"Skills you'll gain: Accounting, Finance, General Accounting, Decision Making, Financial Accounting, Strategy and Operations, Account Management, Accounts Payable and Receivable, Cost Accounting, Leadership and Management, Strategy, Cash Management, Communication, Financial Analysis, Generally Accepted Accounting Principles (GAAP), Marketing, Brand Management, Budget Management, Customer Analysis, Market Analysis, Marketing Design, Product Marketing, Product Strategy, Human Resources, People Analysis, Performance Management, Business Analysis, Data Analysis, Estimation, Mathematical Theory & Analysis, Sales, Change Management, Organizational Development, People Management, Talent Management, Planning, Operations Management",Beginner · Specialization · 3 - 6 Months
45,"Skills you'll gain: Cloud Computing, Computer Networking, Cloud Storage, Customer Success, Operating Systems, Leadership and Management, System Security, Strategy and Operations, Cloud Applications, Cloud Infrastructure, Cloud Platforms, Communication, Computer Programming, Cyberattacks, Customer Support, Databases, DevOps, Networking Hardware, Cryptography, IBM Cloud, Information Technology, Network Architecture, Network Security, Security Engineering, Software Engineering",Beginner · Professional Certificate · 3 - 6 Months
46,Skills you'll gain: Strategy,Beginner · Course · 1 - 4 Weeks
47,"Skills you'll gain: Machine Learning, Leadership and Management, Data Analysis, Data Mining",Beginner · Specialization · 3 - 6 Months
48,"Skills you'll gain: Software Engineering, Application Development, Computer Programming, Software Architecture, Software Engineering Tools, Cloud Applications, Web Development, Cloud Computing, Communication, DevOps, Programming Principles, Agile Software Development, Cloud Infrastructure, Cloud-Based Integration, IBM Cloud, Kubernetes, Microarchitecture, Javascript, Continuous Delivery, Docker (Software), Front-End Web Development, Leadership and Management, Technical Product Management, User Experience Design, Collaboration, Continuous Integration, Computer Science, Mergers & Acquisitions, NoSQL, Python Programming, React (web framework)",Beginner · Professional Certificate · 3 - 6 Months
49,"Skills you'll gain: Accounting, General Accounting, Financial Accounting, Business Analysis, Data Analysis, Financial Analysis, Cash Management, Finance, Financial Management, Accounts Payable and Receivable, Cost Accounting, Inventory Management, Accounting Software, Sales, Taxes",Beginner · Professional Certificate · 3 - 6 Months
50,"Skills you'll gain: Machine Learning, Calculus, Differential Equations, Mathematics, Machine Learning Algorithms, Regression, Algebra, Algorithms, Artificial Neural Networks, General Statistics, Linear Algebra, Probability & Statistics, Statistical Analysis",Beginner · Specialization · 1 - 3 Months
51,"Skills you'll gain: Cloud Computing, Computer Networking, Cloud Storage, Operating Systems, System Security, Cloud Applications, Cloud Infrastructure, Cloud Platforms, Cyberattacks, Databases, DevOps, Networking Hardware, Computer Programming, Cryptography, IBM Cloud, Network Architecture, Network Security, Security Engineering, Software Engineering",Beginner · Specialization · 3 - 6 Months
52,"Skills you'll gain: Software Engineering, Agile Software Development, Computer Programming, Software Engineering Tools, Application Development, Programming Principles, Software Architecture, Communication, Cloud Applications, Scrum (Software Development), Technical Product Management, User Experience Design, Leadership and Management, Project Management, Business Analysis, Cloud Computing, IBM Cloud, Information Technology, Operating Systems, Python Programming, Risk Management",Beginner · Professional Certificate · 3 - 6 Months
53,"Skills you'll gain: Data Management, Databases, Database Administration, SQL, Database Application, Extract, Transform, Load, Data Warehousing, Database Design, Data Structures, Data Engineering, Computer Programming, Data Analysis, Data Architecture, Database Theory, Apache, Python Programming, Leadership and Management, Big Data, Data Model, Data Analysis Software, System Software, Distributed Computing Architecture, Business Analysis, PostgreSQL, System Programming, Cloud Computing, Linux, IBM Cloud, Network Security, NoSQL, Business Intelligence, Data Science",Beginner · Professional Certificate · 3 - 6 Months
54,"Skills you'll gain: Digital Marketing, Marketing, E-Commerce, Strategy, Data Analysis, Social Media",Beginner · Course · 1 - 4 Weeks
55,"Skills you'll gain: Business Transformation, Machine Learning",Beginner · Specialization · 3 - 6 Months
56,"Skills you'll gain: Data Management, Extract, Transform, Load, Data Warehousing, Database Administration, Apache, Computer Programming, Python Programming, Data Analysis, Data Structures, Databases, System Software, Big Data, Database Application, Distributed Computing Architecture, System Programming, Cloud Computing, Data Analysis Software, Database Design, Linux, SQL, Business Intelligence, IBM Cloud, PostgreSQL",Beginner · Specialization · 3 - 6 Months
57,"Skills you'll gain: Software Engineering, Application Development, Computer Programming, Software Architecture, Software Engineering Tools, Cloud Applications, Web Development, Cloud Computing, Communication, DevOps, Programming Principles, Agile Software Development, Cloud Infrastructure, Cloud-Based Integration, IBM Cloud, Kubernetes, Microarchitecture, Javascript, Continuous Delivery, Docker (Software), Leadership and Management, Technical Product Management, User Experience Design, Collaboration, Continuous Integration, Computer Science, Mergers & Acquisitions, NoSQL, Python Programming",Beginner · Professional Certificate · 3 - 6 Months
58,"Skills you'll gain: Machine Learning, Machine Learning Algorithms, Applied Machine Learning, Data Analysis, Algorithms, Human Learning, Leadership and Management, Business Analysis, Decision Making, Human Resources, People Management, People Analysis, Artificial Neural Networks, Deep Learning, Business Transformation, Customer Analysis, Finance, Financial Accounting, Marketing, Probability & Statistics, Regulations and Compliance, Statistical Machine Learning, Strategy, User Experience, Big Data",Beginner · Specialization · 3 - 6 Months
59,"Skills you'll gain: Communication, Computer Architecture, Computer Networking, Customer Support, Networking Hardware",Beginner · Course · 1 - 3 Months
60,"Skills you'll gain: Machine Learning, Applied Machine Learning, Python Programming, Statistical Programming, Tensorflow, DevOps, Devops Tools, Exploratory Data Analysis, Feature Engineering, Machine Learning Software, Probability & Statistics, Cloud Computing, Deep Learning, Google Cloud Platform, Other Cloud Platforms and Tools, Performance Management, Kubernetes, Leadership and Management",Advanced · Specialization · 3 - 6 Months
61,Skills you'll gain: Software Engineering,Intermediate · Specialization · 1 - 3 Months
62,"Skills you'll gain: Machine Learning, Deep Learning, Artificial Neural Networks, Human Learning, Python Programming, Machine Learning Algorithms, Applied Machine Learning, Algorithms, Machine Learning Software, Regression, Network Model, Mathematics, Computer Vision, Apache, Big Data, Computer Programming, Data Analysis, Network Architecture, Extract, Transform, Load, Data Visualization, Tensorflow, Visualization (Computer Graphics), Dimensionality Reduction, Data Science",Intermediate · Professional Certificate · 3 - 6 Months
63,"Skills you'll gain: Data Analysis, Data Science",Intermediate · Specialization · 1 - 3 Months
64,Skills you'll gain: Data Analysis,Intermediate · Specialization · 1 - 3 Months
65,"Skills you'll gain: Product Lifecycle, Product Management",Intermediate · Specialization · 1 - 3 Months
66, ,Intermediate · Specialization · 1 - 3 Months
67, ,Intermediate · Specialization · 1 - 3 Months
68,"Skills you'll gain: DevOps, Software Engineering, Cloud Computing, Continuous Delivery, Continuous Integration, Application Development, Cloud Applications, Software Architecture, Security Engineering, Kubernetes, Computer Programming, Cloud Infrastructure, Cloud-Based Integration, Microarchitecture, Software Testing, Agile Software Development, IBM Cloud, Software Engineering Tools, Docker (Software), Scrum (Software Development), Software Security, Leadership and Management",Intermediate · Professional Certificate · 3 - 6 Months
69,"Skills you'll gain: Software Engineering, Cloud Applications, Application Development, Computer Programming, Software Engineering Tools, Cloud Computing, IBM Cloud, Programming Principles, Web Development, Cloud API, Cloud Infrastructure, Cloud Management, Cloud Platforms, Software Architecture, Agile Software Development, Communication, DevOps, Continuous Integration, Software As A Service, Cloud-Based Integration, Continuous Delivery, Technical Product Management, User Experience Design, Front-End Web Development, Leadership and Management, NoSQL, Collaboration, Javascript, Mergers & Acquisitions, Python Programming, React (web framework), Search Engine Optimization, Strategy, User Experience",Beginner · Professional Certificate · 3 - 6 Months
70,"Skills you'll gain: DevOps, Software Engineering, Computer Programming, Agile Software Development, Programming Principles, Software Engineering Tools, Application Development, Software Architecture, Communication, Continuous Delivery, Cloud Applications, Continuous Integration, Scrum (Software Development), Technical Product Management, User Experience Design, Leadership and Management, Project Management, Cloud Computing, IBM Cloud, Information Technology, Operating Systems, Python Programming",Beginner · Professional Certificate · 3 - 6 Months
71,"Skills you'll gain: Computer Programming, Python Programming, Computer Programming Tools, Programming Principles, Data Structures, Computational Thinking, Computational Logic, Data Analysis, Algorithms, Critical Thinking, Problem Solving, Data Architecture, Database Application, Databases, Theoretical Computer Science, Database Administration, Data Model, Data Visualization, Database Design, Database Theory, Web Development, Web Development Tools, Computer Networking, Extract, Transform, Load, SQL, HTML and CSS",Beginner · Specialization · 3 - 6 Months
72,"Skills you'll gain: React (web framework), Javascript, Mobile Development, Mobile Development Tools, Web Development, HTML and CSS, Front-End Web Development, Web Development Tools, Application Development, Computer Programming, Programming Principles, User Experience, Web Design, Cross Platform Development, Software Engineering Tools, SQL, Software Engineering, Agile Software Development, Collaboration, Data Management, Human Computer Interaction, Interactive Design, Linux, Product Design, Product Lifecycle, Project Management",Beginner · Specialization · 3 - 6 Months
73,"Skills you'll gain: Finance, Business Analysis, Data Analysis, Financial Analysis, Accounting, Forecasting, Financial Management, General Accounting, General Statistics, Statistical Analysis, Financial Accounting, Mathematical Theory & Analysis, Accounts Payable and Receivable, Probability & Statistics, Basic Descriptive Statistics, Data Model, Regression, Estimation, Generally Accepted Accounting Principles (GAAP), Management Accounting, Statistical Tests, Strategy and Operations, Budget Management, Microsoft Excel, Spreadsheet Software, Probability Distribution, Linear Algebra, Computer Programming",Beginner · Specialization · 3 - 6 Months
74,"Skills you'll gain: Accounting, Finance, Financial Accounting, General Accounting, Financial Analysis, Generally Accepted Accounting Principles (GAAP), Accounts Payable and Receivable, Cost Accounting, Account Management, Cash Management, Estimation, Decision Making, Investment Management, Taxes, Budget Management, Management Accounting, Problem Solving, Business Analysis, Mathematical Theory & Analysis, Mathematics, Data Analysis, Strategy and Operations",Beginner · Specialization · 3 - 6 Months
75,"Skills you'll gain: Mobile Development, Swift Programming, iOS Development, Computer Programming, Mobile Development Tools, React (web framework), Application Development, Software Engineering, Data Structures, User Experience, User Experience Design, Web Development, Computer Programming Tools, Software Engineering Tools, Front-End Web Development, Algorithms, Computer Science, Interactive Design, Javascript, Collaboration, Communication, Data Management, Django (Web Framework), Human Computer Interaction, Linux, Problem Solving, Product Design, Software Architecture, Web Design",Beginner · Professional Certificate · 3 - 6 Months
76,"Skills you'll gain: Mobile Development, Computer Programming, React (web framework), Mobile Development Tools, Application Development, Software Engineering, Android Development, Other Programming Languages, Web Development, User Experience, Algorithms, Computer Science, Front-End Web Development, Javascript, Programming Principles, Cloud API, Collaboration, Communication, Data Management, Data Structures, Databases, Human Computer Interaction, Interactive Design, Linux, Problem Solving, Product Design, SQL, Software Architecture, Software Engineering Tools, Swift Programming, Web Design",Beginner · Professional Certificate · 3 - 6 Months
77,"Skills you'll gain: Business Analysis, Data Analysis, Finance, General Statistics, Probability & Statistics, Financial Analysis, Statistical Analysis, Forecasting, Mathematics, Spreadsheet Software, Statistical Tests, Basic Descriptive Statistics, Data Model, Mathematical Theory & Analysis, Risk Management, Probability Distribution, Decision Making, Investment Management, Accounting, Leadership and Management, Regression, Data Analysis Software, Financial Accounting, Microsoft Excel, Linear Algebra, Performance Management, Cash Management, General Accounting, Computer Programming",Beginner · Specialization · 3 - 6 Months
78,"Skills you'll gain: Python Programming, Databases, HTML and CSS, SQL, Database Design, Programming Principles, Algorithms, Computer Science, Big Data, React (web framework), Software Testing, Web Development, Application Development, Back-End Web Development, Cloud API, Cloud Computing, Cloud Infrastructure, Collaboration, Communication, Computer Programming, Data Model, Data Structures, Data Warehousing, Database Administration, Database Application, Database Theory, DevOps, Django (Web Framework), Front-End Web Development, Full-Stack Web Development, Javascript, Kubernetes, Linux, Problem Solving, Semantic Web, Software Engineering, Software Engineering Tools, Statistical Programming, Tensorflow, Web Design, Web Development Tools",Beginner · Professional Certificate · 3 - 6 Months
79,"Skills you'll gain: Software Engineering, Agile Software Development, Scrum (Software Development), Business Analysis, Communication, Leadership and Management, Project Management, Risk Management",Beginner · Professional Certificate · 3 - 6 Months
80,"Skills you'll gain: Cryptography, Python Programming, Linux, Network Security, Security Strategy, Software Security, System Software, Computer Security Incident Management, Networking Hardware, Security Software, Cloud Computing, Cyberattacks, DevOps, Mobile Security, Computer Programming, Databases, Leadership and Management, Operating Systems, SQL, System Security",Beginner · Professional Certificate · 3 - 6 Months
81,"Skills you'll gain: Machine Learning, Tensorflow, Deep Learning, Machine Learning Algorithms, Artificial Neural Networks, Applied Machine Learning, Human Learning, Computer Programming, Python Programming, Machine Learning Software, Natural Language Processing, Computer Vision, Forecasting, Algorithms, Network Model, Statistical Machine Learning, Statistical Analysis",Intermediate · Professional Certificate · 3 - 6 Months
82,"Skills you'll gain: Machine Learning, Natural Language Processing, Python Programming, Statistical Programming, Artificial Neural Networks, Probability & Statistics, Statistical Machine Learning, Deep Learning, Machine Learning Algorithms, Applied Machine Learning, Computer Programming, Human Learning, Linear Algebra",Intermediate · Specialization · 3 - 6 Months
83,"Skills you'll gain: User Experience, User Experience Design, User Research, Product Development",Beginner · Course · 1 - 4 Weeks
84,"Skills you'll gain: Project Management, Strategy and Operations, Collaboration, Communication, Leadership and Management, Planning",Beginner · Course · 1 - 4 Weeks
85,"Skills you'll gain: Benefits, Compensation, Employee Relations, Leadership and Management, Mergers & Acquisitions, Performance Management, Recruitment, Risk Management, Training",Beginner · Professional Certificate · 3 - 6 Months
86,"Skills you'll gain: Business Intelligence, Data Analysis, Data Management, Data Model, Data Visualization, Extract, Transform, Load, Leadership and Management, Strategy, Tableau Software",Advanced · Professional Certificate · 3 - 6 Months
87,"Skills you'll gain: Business Communication, Data Analysis, Spreadsheet Software, Big Data, Communication, Leadership and Management, Problem Solving, Small Data",Beginner · Course · 1 - 4 Weeks
88,"Skills you'll gain: Audit, Computer Security Incident Management, Leadership and Management, Risk Management",Beginner · Course · 1 - 4 Weeks
89,"Skills you'll gain: Communication, SAS (Software), Regulations and Compliance, Systems Design, System Security, Network Architecture, Process Analysis, Training, Decision Making, Operating Systems, Leadership and Management",Mixed · Course · 1 - 3 Months
90,"Skills you'll gain: SQL, Databases, Statistical Programming, Python Programming, Database Design, Programming Principles, Algorithms, Computer Science, Big Data, Software Testing, Application Development, Collaboration, Communication, Computer Programming, Data Analysis, Data Management, Data Model, Data Structures, Data Warehousing, Database Administration, Database Application, Database Theory, Django (Web Framework), Javascript, Leadership and Management, Linux, Problem Solving, Project Management, Software Engineering, Software Engineering Tools, Tableau Software, Tensorflow, Web Development",Beginner · Professional Certificate · 3 - 6 Months
91,"Skills you'll gain: Cryptography, Network Security, Linux, Networking Hardware, Security Software, System Software, Cloud Computing, Cyberattacks, Databases, Leadership and Management, Operating Systems, SQL, System Security",Beginner · Specialization · 3 - 6 Months
92,"Skills you'll gain: Data Analysis, Data Management, Databases, Exploratory Data Analysis, Data Visualization, SQL, Business Analysis, Microsoft Excel, Process Analysis, Statistical Programming, Data Structures, Extract, Transform, Load, Spreadsheet Software, Communication, Operational Analysis, Computer Programming, Problem Solving, Strategy, Visualization (Computer Graphics), Organizational Development, Tableau Software, Data Analysis Software, Plot (Graphics), Programming Principles, R Programming, Strategy and Operations, Research and Design, Business Communication, Computer Programming Tools, Computer Graphics, Data Model, Computer Architecture",Beginner · Professional Certificate · 3 - 6 Months
93,"Skills you'll gain: Leadership and Management, Strategy and Operations, Cloud-Based Integration, Business Analysis, Business Transformation, Business Process Management, Cloud Applications, Strategy, Customer Analysis, Planning, Product Management, Project Management, Business Intelligence, Software As A Service, Supply Chain and Logistics, Cloud Standards, Cloud Computing, Network Architecture, Software Architecture, System Software, Communication",Beginner · Professional Certificate · 3 - 6 Months
94,"Skills you'll gain: Software Engineering, Agile Software Development, Scrum (Software Development), Communication, Leadership Development, Leadership and Management, Product Development, Product Lifecycle, Product Management, Product Strategy",Beginner · Professional Certificate · 3 - 6 Months
95,"Skills you'll gain: Finance, Investment Management, Risk Management, Banking, Behavioral Economics, Critical Thinking, Decision Making, Financial Analysis, Innovation, Regulations and Compliance, Leadership and Management",Beginner · Course · 1 - 3 Months
96,"Skills you'll gain: Human Learning, Strategy, Planning, Writing, Mergers & Acquisitions",Beginner · Professional Certificate · 3 - 6 Months
97, ,Beginner · Course · 1 - 4 Weeks
98,"Skills you'll gain: Computer Programming, Databases, Linux, Python Programming, SQL",Beginner · Professional Certificate · 3 - 6 Months
99,"Skills you'll gain: Visual Design, Communication, Microsoft Excel, Data Visualization, Interactive Data Visualization, Spreadsheet Software, Computer Graphics, Critical Thinking, Data Analysis, Visualization (Computer Graphics), Business Communication, Collaboration, Data Model, User Experience, Computer Graphic Techniques, Research and Design, User Experience Design, Writing, Data Analysis Software, Graphic Design, Operational Analysis, Databases, Marketing Design, Product Design, Leadership and Management",Beginner · Specialization · 3 - 6 Months
100,"Skills you'll gain: Creativity, Problem Solving, Writing",Beginner · Course · 1 - 3 Months
101,"Skills you'll gain: Artificial Neural Networks, Deep Learning, Machine Learning, Machine Learning Algorithms, Python Programming, Computer Programming, Network Architecture, Network Model, Calculus, Human Learning, Regression, Linear Algebra, Mathematics",Intermediate · Course · 1 - 4 Weeks
102,"Skills you'll gain: Cloud Computing, Computer Architecture, Data Management, Leadership and Management, Microsoft Azure, Network Security, Operating Systems, System Security",Beginner · Professional Certificate · 3 - 6 Months
103,"Skills you'll gain: Applied Machine Learning, Machine Learning, Machine Learning Algorithms, Algorithms, Artificial Neural Networks, Deep Learning, Network Model, Tensorflow, Machine Learning Software, Network Architecture",Beginner · Course · 1 - 4 Weeks
104,"Skills you'll gain: Leadership and Management, Project Management, Strategy and Operations, Organizational Development, Planning, Strategy, Collaboration, Communication, Adaptability, Change Management, Critical Thinking, Decision Making, Media Strategy & Planning, Process Analysis, Probability & Statistics, Risk Management, Scrum (Software Development), Agile Software Development, Budget Management, Data Analysis, Natural Language Processing, Product Management, Prospecting and Qualification, Search Engine Optimization, Product Development, Software Engineering, Supply Chain and Logistics",Beginner · Professional Certificate · 3 - 6 Months
105,"Skills you'll gain: Spreadsheet Software, Business Analysis, Microsoft Excel, Data Analysis, Plot (Graphics), Data Visualization, Data Model, Databases, Finance, Leadership and Management",Beginner · Specialization · 3 - 6 Months
106,"Skills you'll gain: Computer Networking, Network Architecture, Network Model, Networking Hardware, Network Analysis, Critical Thinking, Problem Solving, Computer Architecture, Human Computer Interaction, Network Security, Cloud Computing",Beginner · Course · 1 - 3 Months
107,Skills you'll gain: Critical Thinking,Mixed · Course · 1 - 3 Months
108,"Skills you'll gain: Machine Learning, Machine Learning Algorithms, Human Learning, Statistical Machine Learning, Data Analysis, Probability & Statistics, Applied Machine Learning, Algorithms, Forecasting, General Statistics, Statistical Analysis, Regression, Deep Learning, Python Programming, Machine Learning Software, Artificial Neural Networks, Exploratory Data Analysis, Feature Engineering, Correlation And Dependence, Dimensionality Reduction, Statistical Tests, Reinforcement Learning, Data Analysis Software, Interactive Data Visualization, Network Model",Intermediate · Professional Certificate · 3 - 6 Months
109,"Skills you'll gain: Network Security, Cloud Computing, Network Architecture",Beginner · Course · 1 - 4 Weeks
110,"Skills you'll gain: Graphic Design, Design and Product, Visual Design, Communication, Computer Graphics, Creativity, Graph Theory, Visualization (Computer Graphics), Geometry, Interactive Design",Beginner · Specialization · 3 - 6 Months
111,"Skills you'll gain: E-Commerce, Marketing, Search Engine Optimization, Strategy",Beginner · Professional Certificate · 3 - 6 Months
112,"Skills you'll gain: Data Management, Data Analysis, Databases, Microsoft Excel, SQL, Spreadsheet Software",Beginner · Course · 1 - 3 Months
113,"Skills you'll gain: General Statistics, Probability & Statistics, Statistical Analysis, Critical Thinking, Basic Descriptive Statistics, Data Analysis, Statistical Tests, Probability Distribution, Problem Solving, Statistical Visualization",Beginner · Course · 1 - 3 Months
114,"Skills you'll gain: Human Learning, Planning, Strategy, Mergers & Acquisitions",Beginner · Specialization · 3 - 6 Months
115,"Skills you'll gain: Google Cloud Platform, Cloud Computing, Cloud Engineering, Cloud Applications, Cloud Platforms, Cloud Management, Computer Architecture, Cloud Infrastructure, Critical Thinking, Billing & Invoicing, Cloud Storage, Cloud-Based Integration, Computer Networking, Google App Engine, Kubernetes, Network Analysis, Network Architecture, Other Cloud Platforms and Tools, Computer Programming, Computer Security Models, Leadership and Management, Software Testing, Product Strategy",Intermediate · Professional Certificate · 3 - 6 Months
116,"Skills you'll gain: Project Management, Strategy and Operations, Leadership and Management, Entrepreneurship, Finance, Planning, Supply Chain and Logistics, Budget Management, Communication, Risk Management, Procurement",Beginner · Course · 1 - 3 Months
117,"Skills you'll gain: Machine Learning, Machine Learning Algorithms, Algorithms, Statistical Machine Learning, Human Learning, Probability & Statistics, Applied Machine Learning, Data Analysis, Regression, General Statistics, Feature Engineering, Machine Learning Software, Exploratory Data Analysis, Dimensionality Reduction, Statistical Analysis, Statistical Tests, Data Analysis Software, Interactive Data Visualization",Intermediate · Specialization · 3 - 6 Months
118,"Skills you'll gain: Data Analysis, Business Analysis, Probability & Statistics, Statistical Analysis, Leadership and Management, Basic Descriptive Statistics, Exploratory Data Analysis, Financial Analysis, Forecasting, Data Model, Mathematics, Performance Management, Strategy, Accounting, Customer Analysis, Human Resources, Human Resources Operations, Market Analysis, Market Research, Marketing, Mathematical Theory & Analysis, Operations Management, Operations Research, Organizational Development, People Analysis, People Management, Spreadsheet Software, Talent Management, Financial Accounting, People Development, Collaboration, Finance, Regulations and Compliance",Beginner · Specialization · 3 - 6 Months
119,"Skills you'll gain: Cloud Computing, Google Cloud Platform, Cloud Platforms, Computer Architecture, Cloud Applications, Cloud Engineering, Cloud Storage, Computer Networking, Cloud Management, Google App Engine, Kubernetes, Cloud Infrastructure, Cloud-Based Integration, Computer Programming, Network Architecture, Billing & Invoicing, Other Cloud Platforms and Tools, Web Development, Leadership and Management, Product Strategy",Intermediate · Professional Certificate · 3 - 6 Months
120,"Skills you'll gain: Digital Marketing, Marketing, Search Engine Optimization, Marketing Management, Advertising, Media Strategy & Planning, Persona Research, Web Design, Web Development, Web Development Tools",Beginner · Course · 1 - 4 Weeks
121,Skills you'll gain: Resilience,Beginner · Specialization · 3 - 6 Months
122,Skills you'll gain: Critical Thinking,Beginner · Course · 1 - 3 Months
123,"Skills you'll gain: Risk Management, Leadership and Management, Investment Management, Regulations and Compliance, Business Analysis, Decision Making, Strategy and Operations, Performance Management, Strategy, Critical Thinking, Financial Analysis, Business Research, Business Transformation, Change Management, Correlation And Dependence, Market Analysis, Conflict Management, Data Analysis, Organizational Development, Supply Chain and Logistics, Human Resources, Innovation, Leadership Development, People Development, Public Relations, Resilience, Supplier Relationship Management",Beginner · Specialization · 3 - 6 Months
124,"Skills you'll gain: Cloud Applications, Cloud Computing, Cloud Infrastructure, Cloud Management, Cloud Platforms, Cloud-Based Integration, Computer Networking, Computer Programming, Google Cloud Platform, Network Architecture, Cloud Storage, Google App Engine, Leadership and Management, Kubernetes",Intermediate · Specialization · 3 - 6 Months
125,"Skills you'll gain: Agile Software Development, Product Management, Leadership and Management, Design and Product, Software Engineering, Product Development, Project Management, User Experience, Customer Analysis, Product Design, Research and Design, Data Analysis, Business Analysis, Communication, Continuous Delivery, Software Testing, Planning, Product Strategy, Strategy",Beginner · Specialization · 3 - 6 Months
126,"Skills you'll gain: Javascript, Web Development, Computer Programming, Computer Science, Front-End Web Development, NoSQL, React (web framework)",Beginner · Specialization · 3 - 6 Months
127,"Skills you'll gain: Python Programming, Computer Programming, Data Analysis",Beginner · Course · 1 - 3 Months
128,"Skills you'll gain: Databases, Cloud Computing, Google Cloud Platform, Data Management, Cloud Platforms, Database Administration, Database Application, SQL, Cloud Infrastructure, Cloud Storage, Data Analysis, Google App Engine, Kubernetes, PostgreSQL",Intermediate · Specialization · 3 - 6 Months
129,"Skills you'll gain: Artificial Neural Networks, Deep Learning, Machine Learning",Beginner · Course · 1 - 4 Weeks
130,"Skills you'll gain: Communication, Leadership and Management",Beginner · Specialization · 3 - 6 Months
131,"Skills you'll gain: Leadership and Management, Strategy and Operations, Entrepreneurship, Marketing, Sales, Strategy, Business Analysis, Business Transformation, Product Management, Business Process Management, Creativity, Innovation, Planning, Product Strategy, Storytelling",Beginner · Specialization · 3 - 6 Months
132,"Skills you'll gain: Marketing, Search Engine Optimization, Digital Marketing, Strategy, User Experience, Customer Analysis, Social Media, User Research, Web Development, Market Analysis, Data Analysis, User Experience Design, Web Development Tools, Algorithms, Brand Management, Critical Thinking, Market Research, Media Strategy & Planning, Decision Making, Audit, Marketing Psychology",Beginner · Specialization · 3 - 6 Months
133,"Skills you'll gain: Machine Learning, Machine Learning Algorithms, Applied Machine Learning, Probability & Statistics, Regression, Design and Product, Human Computer Interaction, Communication, Human Factors (Security), Human Learning, User Experience, User Experience Design, Data Analysis, Data Mining, Deep Learning, Project Management, Algorithms, Data Science, Leadership and Management",Beginner · Specialization · 3 - 6 Months
134,"Skills you'll gain: Agile Software Development, Software Engineering, Project Management, Scrum (Software Development), Strategy and Operations, Collaboration, Leadership and Management, Communication, Entrepreneurship, Product Management, Influencing, Problem Solving",Beginner · Course · 1 - 4 Weeks
135,"Skills you'll gain: Audit, Human Computer Interaction, User Experience, User Experience Design, User Research",Beginner · Course · 1 - 4 Weeks
136,"Skills you'll gain: Databases, SQL, Data Management, Big Data, Data Analysis, Data Model, Apache, Exploratory Data Analysis, Distributed Computing Architecture, Extract, Transform, Load, Data Architecture, Database Administration, Problem Solving, Business Analysis, Statistical Tests, Data Science, Python Programming",Beginner · Specialization · 3 - 6 Months
137,"Skills you'll gain: Project Management, Leadership and Management, Strategy and Operations, Planning, Estimation, Operations Management, Budget Management, Accounting, Decision Making, Finance, Cost Accounting, Critical Thinking, Financial Accounting, Performance Management, Strategy, Contract Management, Financial Analysis, Investment Management, Financial Management, Process Analysis, Risk Management, Computational Thinking, Computational Logic, Statistical Visualization, Collaboration, Innovation, Change Management, Research and Design, Business Transformation, Supply Chain and Logistics, Entrepreneurship",Beginner · Specialization · 3 - 6 Months
138,"Skills you'll gain: User Experience, User Experience Design, Research and Design, Visual Design, Communication, Design and Product, Persona Research, Product Design, User Research, Adaptability, Graphic Design, Interactive Design, Leadership and Management, Mobile Development, Planning, Web Design, Audit",Beginner · Professional Certificate · 3 - 6 Months
139,"Skills you'll gain: Entrepreneurship, Strategy, Leadership and Management, Strategy and Operations, Planning, Business Development, Entrepreneurial Finance, Innovation, Finance, Financial Management, Market Research, Business Design, Critical Thinking, Product Strategy, Business Psychology, Decision Making, Financial Accounting, Financial Analysis, Marketing, Accounting, Adaptability, Cost Accounting, User Research, Network Model, Culture",Beginner · Specialization · 3 - 6 Months
140,"Skills you'll gain: Cloud Computing, Google Cloud Platform, Network Security, Cloud Platforms, Cloud Engineering, Computer Security Models, Security Engineering, Software Security, Network Architecture, System Security, Cloud Infrastructure, Computer Networking, Security Strategy, Computer Security Incident Management, Cloud Management, Network Model, Software-Defined Networking, Security Software, Cloud Storage, Google App Engine, Leadership and Management, Kubernetes",Intermediate · Professional Certificate · 3 - 6 Months
141,"Skills you'll gain: Supply Chain Systems, Supply Chain and Logistics, Planning, Strategy and Operations, Inventory Management, Leadership and Management, Operations Management, Business Analysis, Continuous Delivery, Critical Thinking, Data Analysis, Estimation, Forecasting, Microsoft Excel, Spreadsheet Software, Statistical Analysis, Strategy, Warehouse Management, Operational Analysis, Probability & Statistics, Transportation Operations Management, Shipping and Receiving, Store Management, Operations Research",Beginner · Specialization · 3 - 6 Months
142,"Skills you'll gain: Marketing, Digital Marketing, Advertising, Data Analysis, Marketing Management, Media Strategy & Planning, Business Analysis, Statistical Analysis, Probability & Statistics, Market Analysis, Communication, General Statistics, Experiment, Regression, Statistical Tests, Market Research, Basic Descriptive Statistics, Probability Distribution, Brand Management, Forecasting, Research and Design, Data Visualization, Computer Programming, Data Management, Databases, Python Programming, SQL, Statistical Programming, Storytelling, Tableau Software",Beginner · Professional Certificate · 3 - 6 Months
143,"Skills you'll gain: DevOps, Communication, Leadership and Management, Collaboration, Design and Product, Entrepreneurship, Product Development, Product Management, Strategy and Operations, Devops Tools, Cloud Computing, Cloud Infrastructure, Cloud Platforms, Cloud Storage, Culture, Docker (Software), Google App Engine, Google Cloud Platform, Kubernetes",Beginner · Professional Certificate · 3 - 6 Months
144,"Skills you'll gain: Amazon Web Services, Cloud Computing, Cloud Storage, Data Management, Big Data, Cloud Applications, Cloud Engineering, Cloud Platforms, Data Analysis, Data Warehousing, Extract, Transform, Load, Cloud Management, Cloud-Based Integration, Data Architecture, Cloud Infrastructure, Data Visualization, Other Cloud Platforms and Tools, Software Architecture, Machine Learning",Intermediate · Professional Certificate · 3 - 6 Months
145,"Skills you'll gain: Linux, Databases, SQL",Beginner · Course · 1 - 4 Weeks
146,"Skills you'll gain: Communication, Leadership and Management, People Management",Beginner · Course · 1 - 3 Months
147,"Skills you'll gain: Business Analysis, Data Analysis, Data Architecture, Data Management, Data Visualization, Interactive Data Visualization, Leadership and Management, Project Management, Tableau Software",Beginner · Professional Certificate · 3 - 6 Months
148,"Skills you'll gain: Algebra, Linear Algebra, Machine Learning",Beginner · Course · 1 - 4 Weeks
149,"Skills you'll gain: Cloud Applications, Cloud Computing, Google Cloud Platform, Cloud Platforms, Cloud Infrastructure, Cloud API, Application Development, Computer Architecture, Software Architecture, Distributed Computing Architecture, Cloud Load Balancing, Cloud Storage, DevOps, Docker (Software), Google App Engine, Kubernetes",Intermediate · Professional Certificate · 3 - 6 Months
150,"Skills you'll gain: Cloud Computing, Kubernetes, Google Cloud Platform, Cloud Platforms, Cloud Engineering, Cloud Infrastructure, Cloud Management, Billing & Invoicing, Google App Engine, Cloud Storage, DevOps, Other Cloud Platforms and Tools, Product Strategy, Account Management",Beginner · Specialization · 3 - 6 Months
151,"Skills you'll gain: Leadership and Management, Strategy and Operations, Communication, Project Management, Planning",Beginner · Professional Certificate · 3 - 6 Months
152,"Skills you'll gain: Data Analysis, SQL, Spreadsheet Software, General Statistics, Databases, Extract, Transform, Load, Microsoft Excel",Beginner · Course · 1 - 3 Months
153,"Skills you'll gain: Cloud Computing, Cloud Platforms, Computer Networking, Google Cloud Platform, Network Architecture, Cloud Engineering, Cloud Infrastructure, Network Model, Network Security, Software-Defined Networking, Security Strategy, Leadership and Management, Cloud Storage, Google App Engine, Kubernetes",Intermediate · Professional Certificate · 3 - 6 Months
154,"Skills you'll gain: Regulations and Compliance, Critical Thinking, Leadership and Management, Organizational Development, Risk Management, Strategy and Operations, Strategy, Employee Relations, Finance, Audit, Business Process Management, Communication, Accounting, Financial Accounting, Operations Management, Training, Brand Management, Data Management",Intermediate · Specialization · 3 - 6 Months
155,"Skills you'll gain: Cloud Computing, Cloud Platforms, Computer Networking, Google Cloud Platform, Network Architecture, Cloud Engineering, Cloud Infrastructure, Network Model, Network Security, Software-Defined Networking, Security Strategy, Leadership and Management, Cloud Storage, Google App Engine, Kubernetes",Intermediate · Specialization · 3 - 6 Months
156,Skills you'll gain: Writing,Beginner · Course · 1 - 3 Months
157,"Skills you'll gain: Machine Learning, Google Cloud Platform, Applied Machine Learning, Human Learning, Cloud Computing, Machine Learning Software, Cloud Platforms, Machine Learning Algorithms, Deep Learning, Tensorflow, Feature Engineering, Artificial Neural Networks, Training, DevOps, Exploratory Data Analysis, Python Programming, Cloud-Based Integration, Data Analysis, Data Visualization, Probability & Statistics, Statistical Programming, Big Data, Regression, Statistical Visualization, SQL, Algorithms, Continuous Integration, Cloud API, Apache, Extract, Transform, Load, Docker (Software)",Intermediate · Professional Certificate · 3 - 6 Months
158,"Skills you'll gain: Cloud API, Cloud Computing, Cloud Platforms, Google Cloud Platform, Cloud Applications, Application Development, Cloud Infrastructure, Computer Architecture, Software Architecture, Distributed Computing Architecture, Cloud Storage, Google App Engine, Kubernetes",Intermediate · Specialization · 3 - 6 Months
159,"Skills you'll gain: Leadership and Management, Planning, Strategy, Critical Thinking, Operations Management, People Management, Strategy and Operations, Business Communication, Business Intelligence, Organizational Development, Project Management",Mixed · Course · 1 - 4 Weeks
160,"Skills you'll gain: Digital Marketing, Marketing, Market Analysis, Media Strategy & Planning, Social Media, Data Analysis, Market Research, Advertising, Communication, Customer Relationship Management, Strategy, Business Analysis, Data Visualization, Exploratory Data Analysis, Data Management, Brand Management, Marketing Management, Customer Analysis, Data Analysis Software, Marketing Design, Big Data, Critical Thinking, Business Communication, Business Intelligence, Business Transformation, Product Strategy, Interactive Data Visualization, Collaboration, Innovation, Planning",Beginner · Specialization · 3 - 6 Months
161,"Skills you'll gain: Google Cloud Platform, Cloud Computing, Security Engineering, System Security, Cloud Platforms, Computer Security Models, Network Security, Security Software, Security Strategy, Software Security, Cloud Infrastructure, Cloud Management, Cloud Storage, Google App Engine, Kubernetes",Intermediate · Specialization · 3 - 6 Months
162,"Skills you'll gain: Computer Programming, Data Structures, Problem Solving, Python Programming",Beginner · Course · 1 - 3 Months
163,"Skills you'll gain: Communication, Leadership and Management",Beginner · Specialization · 3 - 6 Months
164,"Skills you'll gain: Amazon Web Services, Cloud Computing, Cloud Infrastructure, Cloud Management, Cloud Applications, Cloud Platforms, Cloud Engineering, Cloud Storage, Network Security, Cloud API, Cloud-Based Integration, Computer Security Models, Security Engineering, Security Software, Security Strategy, System Security, Cloud Standards, Computer Programming Tools, Other Cloud Platforms and Tools, Data Management, Databases, Software Architecture, Data Architecture, Continuous Delivery, Data Visualization, Data Analysis, Planning",Beginner · Specialization · 1 - 3 Months
165,"Skills you'll gain: Data Analysis, Business Analysis, Data Management, Data Visualization, Microsoft Excel, Data Analysis Software, Spreadsheet Software, Problem Solving, Statistical Analysis, Interactive Data Visualization, Data Structures, Statistical Visualization, Extract, Transform, Load, Data Model, Data Visualization Software, Exploratory Data Analysis, General Statistics, Big Data, Critical Thinking, Professional Development, Decision Making, Communication, Leadership and Management, Business Communication, Storytelling, Forecasting, Visual Design, Planning",Beginner · Specialization · 3 - 6 Months
166,"Skills you'll gain: Communication, Writing, Business Communication, Professional Development",Beginner · Specialization · 3 - 6 Months
167,"Skills you'll gain: Amazon Web Services, Cloud API, Cloud Computing, Cloud Infrastructure, Cloud Storage, Continuous Integration, Customer Support, Data Analysis, Data Architecture, DevOps, Information Technology, Project Management, Python Programming, Software Architecture, Software Testing, Strategy, Web Development",Beginner · Professional Certificate · 3 - 6 Months
168,"Skills you'll gain: Leadership and Management, Communication, Project Management, Strategy and Operations, Business Communication, Collaboration, Risk Management, Planning",Beginner · Course · 1 - 3 Months
169,"Skills you'll gain: Big Data, Data Analysis, Data Mining, Data Science, Deep Learning, Machine Learning, Regression, Writing",Beginner · Course · 1 - 4 Weeks
170,"Skills you'll gain: Business Analysis, Data Analysis, Data Visualization, Spreadsheet Software, Data Model, Decision Making, Microsoft Excel, Process Analysis, Statistical Visualization",Intermediate · Course · 1 - 3 Months
171,"Skills you'll gain: Machine Learning, Artificial Neural Networks, Machine Learning Algorithms, Python Programming, Deep Learning, Machine Learning Software, Statistical Programming, Computer Vision, Computer Programming, Human Learning, General Statistics, Probability & Statistics, Problem Solving",Intermediate · Specialization · 1 - 3 Months
172,"Skills you'll gain: Sales, Customer Relationship Management, Salesforce, Sales Systems, Account Management, Business Process Management, Customer Success, Leadership and Management, Marketing, Operations Management, Strategy, Strategy and Operations, B2B Sales, Databases, Business Analysis, Data Visualization, Data Visualization Software",Beginner · Professional Certificate · 3 - 6 Months
173,"Skills you'll gain: Business Analysis, Communication, Leadership and Management, Project Management, Risk Management",Beginner · Specialization · 3 - 6 Months
174,"Skills you'll gain: Accounting, General Accounting, Accounting Software, Finance",Beginner · Course · 1 - 4 Weeks
175,"Skills you'll gain: FinTech, Finance, BlockChain, Innovation, Investment Management, Financial Management, Financial Analysis, Risk Management, General Statistics, Payments, Algorithms, Behavioral Economics, Entrepreneurial Finance, Market Research, Cryptography, Customer Analysis, Human Learning, Machine Learning Algorithms, Machine Learning Software, Securities Trading, System Security, Applied Machine Learning, Machine Learning, Product Strategy, Systems Design",Beginner · Specialization · 3 - 6 Months
176,"Skills you'll gain: Project Management, Strategy and Operations, Leadership and Management, Planning",Beginner · Course · 1 - 4 Weeks
177,"Skills you'll gain: Data Analysis, Data Management, Data Visualization, Databases, Python Programming, SQL, Big Data, Data Mining, Data Science, NoSQL, R Programming, Microsoft Excel",Beginner · Course · 1 - 3 Months
178,"Skills you'll gain: Negotiation, Game Theory, Strategy",Mixed · Course · 1 - 3 Months
179,"Skills you'll gain: Algorithms, Theoretical Computer Science, Computer Programming, Data Structures, Problem Solving, Mathematics, Computational Thinking, Computer Programming Tools, Computational Logic, Critical Thinking, Graph Theory, Programming Principles, Mathematical Theory & Analysis, C++ Programming, Algebra, Software Testing",Intermediate · Specialization · 3 - 6 Months
180,"Skills you'll gain: Computer Security Incident Management, Risk Management, Leadership and Management, Network Security, Cryptography, Cyberattacks, Operations Management",Beginner · Specialization · 3 - 6 Months
181, ,Mixed · Course · 1 - 3 Months
182, ,Mixed · Course · 1 - 3 Months
183,"Skills you'll gain: Amazon Web Services, Continuous Delivery, Continuous Integration, DevOps, Devops Tools, Cloud Applications, Cloud Computing, Cloud Infrastructure, Cloud Management, Cloud Platforms, Cloud Standards, Software Engineering, Software Testing, Cloud Storage",Intermediate · Specialization · 1 - 3 Months
184,"Skills you'll gain: Machine Learning, Machine Learning Algorithms, Deep Learning, Python Programming, Artificial Neural Networks, Statistical Programming, Probability & Statistics, Natural Language Processing",Intermediate · Specialization · 1 - 3 Months
185,"Skills you'll gain: Contract Management, Negotiation, Communication, Decision Making, Strategy",Beginner · Course · 1 - 3 Months
186,"Skills you'll gain: Finance, Financial Accounting, Accounting, Investment Management, Financial Management, Financial Analysis, Leadership and Management, Risk Management, Business Analysis, Corporate Accouting, Management Accounting",Beginner · Specialization · 3 - 6 Months
187,"Skills you'll gain: Algorithms, Machine Learning, Machine Learning Algorithms, Applied Machine Learning, Human Learning, Deep Learning, Machine Learning Software, Mathematics, Reinforcement Learning, Statistical Machine Learning",Beginner · Course · 1 - 4 Weeks
188,"Skills you'll gain: Linux, Leadership and Management, Operating Systems",Beginner · Course · 1 - 3 Months
189,"Skills you'll gain: Leadership and Management, Accounting, Financial Accounting, Communication, Customer Analysis, Design and Product, Human Resources, Market Analysis, Marketing, Strategy and Operations, Finance, Financial Management, Leadership Development, Marketing Design, Product Marketing, Strategy, Critical Thinking, Employee Relations, Management Accounting, People Development, People Management, Product Design, Business Psychology, Collaboration, Culture, Financial Analysis",Beginner · Specialization · 3 - 6 Months
190,"Skills you'll gain: Strategy, Strategy and Operations, Leadership and Management, Entrepreneurship, Marketing, Sales, Market Analysis, Business Development, Business Analysis, Business Transformation, Finance, Investment Management, Planning, Product Strategy, Business Design, Mergers & Acquisitions, Research and Design",Beginner · Specialization · 3 - 6 Months
191,"Skills you'll gain: Machine Learning, Reinforcement Learning, Algorithms, Human Learning, Machine Learning Algorithms, Applied Machine Learning, Computer Programming, Python Programming, Statistical Machine Learning, Statistical Programming, Artificial Neural Networks, Planning, Decision Making",Intermediate · Specialization · 3 - 6 Months
192,"Skills you'll gain: Algorithms, Theoretical Computer Science, Computer Programming, Problem Solving, Graph Theory, Mathematics, Data Structures, Computational Thinking, Mathematical Theory & Analysis, Critical Thinking, Computational Logic, Programming Principles, Software Engineering",Intermediate · Specialization · 3 - 6 Months
193,"Skills you'll gain: Data Management, Microsoft Azure, Extract, Transform, Load, Cloud Computing, Big Data, Data Warehousing, Cloud-Based Integration, Cloud Storage, Data Architecture, Cloud Engineering, Cloud Platforms, Databases, SQL, Data Analysis, Data Structures, Distributed Computing Architecture, Cloud Management, Warehouse Management, Leadership and Management, Continuous Delivery, Operational Analysis, Data Visualization, Accounting",Intermediate · Professional Certificate · 3 - 6 Months
194,"Skills you'll gain: Data Analysis, Data Management, Microsoft Excel, SQL, Spreadsheet Software",Beginner · Course · 1 - 4 Weeks
195,"Skills you'll gain: Front-End Web Development, HTML and CSS, Javascript, Web Development",Mixed · Course · 1 - 3 Months
196,"Skills you'll gain: Leadership and Management, Project Management, Communication",Beginner · Course · 1 - 3 Months
197,"Skills you'll gain: Business Analysis, Entrepreneurial Finance, Finance, Financial Management, Investment Management, Mergers & Acquisitions, Entrepreneurship, Financial Analysis, Risk Management, Strategy",Mixed · Course · 1 - 3 Months
198,"Skills you'll gain: System Security, Cyberattacks, Cryptography, Network Security, Security Engineering",Beginner · Specialization · 3 - 6 Months
199,"Skills you'll gain: Applied Machine Learning, Deep Learning, Machine Learning, Artificial Neural Networks, Machine Learning Algorithms, Algorithms, Computer Programming, Mathematics, Python Programming, Mathematical Theory & Analysis, Tensorflow, Human Learning",Intermediate · Course · 1 - 4 Weeks
200,"Skills you'll gain: Writing, Human Learning, Planning",Beginner · Specialization · 3 - 6 Months
201,"Skills you'll gain: Cryptography, Linux",Beginner · Course · 1 - 4 Weeks
202,"Skills you'll gain: Bioinformatics, Computer Programming, Data Analysis, Python Programming, Computational Thinking, General Statistics, Exploratory Data Analysis, R Programming, Algorithms, Computer Programming Tools, Data Analysis Software, Biostatistics, Statistical Analysis, Programming Principles, Probability & Statistics, Statistical Tests, Data Structures, Operating Systems, Research and Design, Big Data, Computational Logic, Problem Solving, Statistical Programming, Experiment, Correlation And Dependence",Intermediate · Specialization · 3 - 6 Months
203,"Skills you'll gain: Computer Programming, Python Programming, Programming Principles, Java Programming, Computer Programming Tools, Data Analysis, Data Structures, Problem Solving, Computational Logic, Computational Thinking, Critical Thinking, Data Analysis Software, Data Management, Data Visualization, Exploratory Data Analysis, Software Engineering, Data Science",Beginner · Specialization · 3 - 6 Months
204,"Skills you'll gain: R Programming, Data Analysis, Statistical Programming, Statistical Analysis, Computer Programming, Exploratory Data Analysis, General Statistics, Problem Solving, Data Analysis Software, Probability & Statistics, Computer Programming Tools, Critical Thinking, Programming Principles, Statistical Tests, Data Management, Data Structures, Statistical Machine Learning, Basic Descriptive Statistics, Algorithms, Data Model, Human Learning, Machine Learning, Machine Learning Algorithms, Process Analysis, Correlation And Dependence, Data Visualization, Plot (Graphics), Regression, Computer Graphics, Interactive Data Visualization, Applied Machine Learning, Big Data, Computational Thinking, Data Mining, Estimation, Extract, Transform, Load, Probability Distribution, Databases, Machine Learning Software, Communication, Computer Graphic Techniques, Knitr, Natural Language Processing, Visualization (Computer Graphics), Interactive Design, Product Development, Web Development",Beginner · Specialization · 3 - 6 Months
205,"Skills you'll gain: Algorithms, Computational Logic, Computational Thinking, Computer Programming, Computer Programming Tools, Critical Thinking, Problem Solving, Programming Principles, Python Programming, Theoretical Computer Science",Beginner · Course · 1 - 3 Months
206,"Skills you'll gain: Communication, Leadership and Management, Planning, Problem Solving, Project Management",Beginner · Course · 1 - 4 Weeks
207,"Skills you'll gain: Computer Programming, C Programming Language Family, Data Structures, Algorithms, C++ Programming, Theoretical Computer Science, Programming Principles, Computational Thinking, Problem Solving, Computer Programming Tools, Critical Thinking, Computational Logic, Graph Theory",Intermediate · Specialization · 1 - 3 Months
208,"Skills you'll gain: Algebra, Linear Algebra, Mathematics, Machine Learning, Mathematical Theory & Analysis, Computer Programming, Python Programming, Machine Learning Algorithms, Calculus, Computational Logic, Algorithms, Applied Machine Learning, Differential Equations, Problem Solving, Statistical Analysis, Data Visualization, Dimensionality Reduction, Statistical Programming, Regression",Beginner · Specialization · 3 - 6 Months
209,"Skills you'll gain: Algorithms, Applied Machine Learning, Artificial Neural Networks, Computer Vision, Deep Learning, Human Learning, Machine Learning, Machine Learning Algorithms, Machine Learning Software, Adaptability, Data Science",Beginner · Course · 1 - 4 Weeks
210,"Skills you'll gain: Finance, Risk Management, Probability & Statistics, Leadership and Management, Mathematics, Investment Management, Securities Sales, Securities Trading, Computer Programming",Intermediate · Specialization · 3 - 6 Months
211,"Skills you'll gain: R Programming, Data Analysis, Computer Programming, Data Visualization, SQL",Beginner · Course · 1 - 3 Months
212,"Skills you'll gain: Leadership and Management, Strategy, Strategy and Operations, Business Transformation, Communication, Organizational Development, Professional Development, Critical Thinking, Leadership Development, Performance Management, Planning",Beginner · Course · 1 - 4 Weeks
213,"Skills you'll gain: Leadership and Management, Change Management, People Management, Process Analysis",Beginner · Course · 1 - 3 Months
214,"Skills you'll gain: Security Strategy, Computer Security Incident Management, Python Programming, Cyberattacks, DevOps, Mobile Security, Software Security, System Software, Computer Programming, Leadership and Management",Beginner · Specialization · 3 - 6 Months
215,"Skills you'll gain: Collaboration, Communication, Google Cloud Platform, Cloud Applications, User Experience, Cloud Platforms, Leadership and Management, Cloud Computing, Business Communication, Organizational Development, Google App Engine, Cloud Storage, Data Management, Planning, Problem Solving, Business Analysis, Spreadsheet Software, Business Process Management, Data Visualization, Other Cloud Platforms and Tools, Project Management, Writing, Professional Development, Cloud-Based Integration, Data Analysis, Strategy, Databases, Exploratory Data Analysis, Design and Product, Visual Design, Graphic Design",Beginner · Specialization · 3 - 6 Months
216,"Skills you'll gain: Software Engineering, Agile Software Development, Product Management, Design and Product, Leadership and Management, Project Management, Planning, Application Development, Product Design, Product Development, Entrepreneurship, Strategy and Operations, Business Analysis, Collaboration, User Experience, Scrum (Software Development), Supply Chain and Logistics",Beginner · Specialization · 3 - 6 Months
217,"Skills you'll gain: Communication, Marketing, Digital Marketing, Social Media, Media Strategy & Planning, Advertising, Entrepreneurship, Marketing Management",Beginner · Course · 1 - 3 Months
218,"Skills you'll gain: Deep Learning, Machine Learning, Tensorflow, Artificial Neural Networks, Applied Machine Learning, Python Programming, Machine Learning Algorithms, Human Learning, Computer Vision, Computer Programming, Network Model, Machine Learning Software, Network Architecture, Training, Visualization (Computer Graphics), Strategy",Intermediate · Specialization · 3 - 6 Months
219,"Skills you'll gain: Apache, Big Data, Data Management, Distributed Computing Architecture, Databases, NoSQL, Extract, Transform, Load, SQL, Cloud Computing, Data Model, Machine Learning, Data Architecture, Database Administration, Database Design, Cloud Storage, IBM Cloud, Kubernetes, Python Programming, Data Warehousing",Beginner · Specialization · 3 - 6 Months
220,"Skills you'll gain: Account Management, Google Cloud Platform, Leadership and Management, Cloud Management, System Security, Cloud Applications, Cloud Platforms, Operations Management, Cloud Computing, Other Cloud Platforms and Tools, Database Administration, Organizational Development, Collaboration, Data Management, User Experience, Security Engineering, Security Strategy, Software Security, Cloud Infrastructure, Network Security, Security Software, Change Management, Strategy, Planning, Accounting",Beginner · Professional Certificate · 1 - 4 Weeks
221,"Skills you'll gain: Python Programming, Computer Programming, Problem Solving",Beginner · Specialization · 3 - 6 Months
222,"Skills you'll gain: Artificial Neural Networks, Computer Vision, Exploratory Data Analysis, Machine Learning, Natural Language Processing, Python Programming",Beginner · Specialization · 1 - 3 Months
223,"Skills you'll gain: Agile Software Development, Design and Product, Leadership and Management, Product Management, Software Engineering, Product Development, Project Management, User Experience, Customer Analysis, Product Design, Research and Design, Data Analysis, Business Analysis, Communication, Continuous Delivery, Software Testing",Beginner · Specialization · 3 - 6 Months
224,"Skills you'll gain: Security Engineering, System Security, Network Security, Software Security, Computer Security Incident Management, Leadership and Management, Security Software, Risk Management, Strategy and Operations, Algorithms, Cloud Computing, Cryptography, Cyberattacks, Operations Management, Human Factors (Security), Software-Defined Networking, Cloud Applications, Process Analysis, Communication, Financial Accounting",Beginner · Specialization · 3 - 6 Months
225,"Skills you'll gain: Digital Marketing, Marketing, Marketing Management, Media Strategy & Planning, Social Media, Advertising, Data Analysis, Strategy",Beginner · Course · 1 - 3 Months
226,"Skills you'll gain: Probability & Statistics, General Statistics, Business Analysis, Data Analysis, Statistical Analysis, Basic Descriptive Statistics, Experiment, Probability Distribution, Regression, Statistical Tests, Communication, Computer Programming, Data Management, Data Visualization, Databases, Marketing, Python Programming, SQL, Statistical Programming, Storytelling, Tableau Software",Beginner · Professional Certificate · 3 - 6 Months
227,"Skills you'll gain: Business Communication, Data Analysis, Data Visualization, Data Visualization Software, Tableau Software",Beginner · Course · 1 - 4 Weeks
